-- Supabase Seeding script: 001_seed_base_data.sql
-- Description: Idempotent seeding script for fundamental sports, tournaments, and basic participants (FIFA World Cup 2026).
-- This file contains NO direct auth.users writes or lobbies creations, abiding by the physical DB constraints.

-- ==========================================
-- 1. SPORTS
-- ==========================================

INSERT INTO public.sports (id, slug, name, icon, is_active) VALUES
('football', 'football', 'Football', 'вљЅ', TRUE),
('hockey', 'hockey', 'Ice Hockey', 'рџЏ’', TRUE)
ON CONFLICT (id) DO UPDATE 
SET name = EXCLUDED.name, slug = EXCLUDED.slug, icon = EXCLUDED.icon, is_active = EXCLUDED.is_active;

-- ==========================================
-- 2. TOURNAMENTS
-- ==========================================

INSERT INTO public.tournaments (id, sport_id, slug, name, status) VALUES
('fifa-world-cup-2026', 'football', 'fifa-world-cup-2026', 'FIFA World Cup 2026', 'active')
ON CONFLICT (id) DO UPDATE SET
  name = EXCLUDED.name,
  slug = EXCLUDED.slug,
  status = EXCLUDED.status,
  sport_id = EXCLUDED.sport_id;

-- ==========================================
-- 3. PARTICIPANTS (FIFA World Cup 2026 Core/Host & Prominent Nations)
-- ==========================================

INSERT INTO public.participants (id, sport_id, name, short_name, type, flag_code) VALUES
('football-tba', 'football', 'TBA', 'TBA', 'team', 'вљЅ'),
('football-usa', 'football', 'United States', 'USA', 'team', 'рџ‡єрџ‡ё'),
('football-mex', 'football', 'Mexico', 'MEX', 'team', 'рџ‡Ірџ‡Ѕ'),
('football-can', 'football', 'Canada', 'CAN', 'team', 'рџ‡Ёрџ‡¦'),
('football-arg', 'football', 'Argentina', 'ARG', 'team', 'рџ‡¦рџ‡·'),
('football-bra', 'football', 'Brazil', 'BRA', 'team', 'рџ‡§рџ‡·'),
('football-fra', 'football', 'France', 'FRA', 'team', 'рџ‡«рџ‡·'),
('football-eng', 'football', 'England', 'ENG', 'team', 'рџЏґу Ѓ§у Ѓўу ЃҐу Ѓ®у Ѓ§у Ѓї'),
('football-ger', 'football', 'Germany', 'GER', 'team', 'рџ‡©рџ‡Є'),
('football-esp', 'football', 'Spain', 'ESP', 'team', 'рџ‡Єрџ‡ё'),
('football-por', 'football', 'Portugal', 'POR', 'team', 'рџ‡µрџ‡№'),
('football-ita', 'football', 'Italy', 'ITA', 'team', 'рџ‡®рџ‡№'),
('football-mar', 'football', 'Morocco', 'MAR', 'team', 'рџ‡Ірџ‡¦'),
('football-sen', 'football', 'Senegal', 'SEN', 'team', 'рџ‡ёрџ‡і'),
('football-jpn', 'football', 'Japan', 'JPN', 'team', 'рџ‡Їрџ‡µ')
ON CONFLICT (id) DO UPDATE SET
  name = EXCLUDED.name,
  short_name = EXCLUDED.short_name,
  flag_code = EXCLUDED.flag_code,
  sport_id = EXCLUDED.sport_id;

-- ==========================================
-- 4. MATCHES
-- ==========================================

INSERT INTO public.matches (id, tournament_id, home_participant_id, away_participant_id, start_time_utc, lock_time_utc, status, stage) VALUES
('m001', 'fifa-world-cup-2026', 'football-usa', 'football-mex', '2026-06-11T20:00:00Z', '2026-06-11T19:55:00Z', 'scheduled', 'Group Stage'),
('m002', 'fifa-world-cup-2026', 'football-can', 'football-arg', '2026-06-12T18:00:00Z', '2026-06-12T17:55:00Z', 'scheduled', 'Group Stage'),
('m003', 'fifa-world-cup-2026', 'football-fra', 'football-eng', '2026-06-12T21:00:00Z', '2026-06-12T20:55:00Z', 'scheduled', 'Group Stage'),
('m004', 'fifa-world-cup-2026', 'football-ger', 'football-esp', '2026-06-13T17:00:00Z', '2026-06-13T16:55:00Z', 'scheduled', 'Group Stage'),
('m005', 'fifa-world-cup-2026', 'football-bra', 'football-jpn', '2026-06-13T20:00:00Z', '2026-06-13T19:55:00Z', 'scheduled', 'Group Stage')
ON CONFLICT (id) DO UPDATE SET
  tournament_id = EXCLUDED.tournament_id,
  home_participant_id = EXCLUDED.home_participant_id,
  away_participant_id = EXCLUDED.away_participant_id,
  start_time_utc = EXCLUDED.start_time_utc,
  lock_time_utc = EXCLUDED.lock_time_utc,
  status = EXCLUDED.status,
  stage = EXCLUDED.stage;

